Fecha,Verdura,Ciudad,Precio,Codigo,CodNum,Cierre,15Abril,Dia
02/01/2020,Cebolla,Bogotá,800,BOG,2,0,0,1
02/01/2020,Cebolla,Manizales,975,MAN,5,1,0,1
02/01/2020,Cebolla,Medellín,1212,MED,1,1,0,1
02/01/2020,Cebolla,B/manga,800,BGA,3,0,0,1
02/01/2020,Cebolla,Cali,972,CAL,4,0,0,1
02/01/2020,Tomate,Bogotá,1591,BOG,2,0,0,1
02/01/2020,Tomate,Manizales,1364,MAN,5,1,0,1
02/01/2020,Tomate,Medellín,1750,MED,1,1,0,1
02/01/2020,Tomate,B/manga,1318,BGA,3,0,0,1
02/01/2020,Tomate,Cali,1136,CAL,4,0,0,1
03/01/2020,Cebolla,B/manga,800,BGA,3,0,0,2
03/01/2020,Cebolla,Bogotá,800,BOG,2,0,0,2
03/01/2020,Cebolla,Cali,972,CAL,4,0,0,2
03/01/2020,Cebolla,Manizales,1364,MAN,5,1,0,2
03/01/2020,Cebolla,Medellín,1212,MED,1,1,0,2
03/01/2020,Tomate,B/manga,1318,BGA,3,0,0,2
03/01/2020,Tomate,Bogotá,1318,BOG,2,0,0,2
03/01/2020,Tomate,Cali,1136,CAL,4,0,0,2
03/01/2020,Tomate,Manizales,1364,MAN,5,1,0,2
03/01/2020,Tomate,Medellín,1200,MED,1,1,0,2
04/01/2020,Cebolla,B/manga,800,BGA,3,0,0,3
04/01/2020,Cebolla,Bogotá,800,BOG,2,0,0,3
04/01/2020,Cebolla,Cali,972,CAL,4,0,0,3
04/01/2020,Cebolla,Manizales,1364,MAN,5,1,0,3
04/01/2020,Cebolla,Medellín,1212,MED,1,1,0,3
04/01/2020,Tomate,B/manga,1318,BGA,3,0,0,3
04/01/2020,Tomate,Bogotá,1318,BOG,2,0,0,3
04/01/2020,Tomate,Cali,1136,CAL,4,0,0,3
04/01/2020,Tomate,Manizales,1364,MAN,5,1,0,3
04/01/2020,Tomate,Medellín,1200,MED,1,1,0,3
05/01/2020,Cebolla,B/manga,800,BGA,3,0,0,4
05/01/2020,Cebolla,Bogotá,800,BOG,2,0,0,4
05/01/2020,Cebolla,Cali,972,CAL,4,0,0,4
05/01/2020,Cebolla,Manizales,1364,MAN,5,1,0,4
05/01/2020,Cebolla,Medellín,1212,MED,1,1,0,4
05/01/2020,Tomate,B/manga,1318,BGA,3,0,0,4
05/01/2020,Tomate,Bogotá,1318,BOG,2,0,0,4
05/01/2020,Tomate,Cali,1136,CAL,4,0,0,4
05/01/2020,Tomate,Manizales,1364,MAN,5,1,0,4
05/01/2020,Tomate,Medellín,1200,MED,1,1,0,4
06/01/2020,Cebolla,B/manga,800,BGA,3,0,0,5
06/01/2020,Cebolla,Bogotá,800,BOG,2,0,0,5
06/01/2020,Cebolla,Cali,972,CAL,4,0,0,5
06/01/2020,Cebolla,Manizales,1364,MAN,5,1,0,5
06/01/2020,Cebolla,Medellín,1212,MED,1,1,0,5
06/01/2020,Tomate,B/manga,1318,BGA,3,0,0,5
06/01/2020,Tomate,Bogotá,1318,BOG,2,0,0,5
06/01/2020,Tomate,Cali,1136,CAL,4,0,0,5
06/01/2020,Tomate,Manizales,1364,MAN,5,1,0,5
06/01/2020,Tomate,Medellín,1200,MED,1,1,0,5
07/01/2020,Cebolla,B/manga,870,BGA,3,0,0,6
07/01/2020,Cebolla,Bogotá,900,BOG,2,0,0,6
07/01/2020,Cebolla,Cali,972,CAL,4,0,0,6
07/01/2020,Cebolla,Manizales,1075,MAN,5,1,0,6
07/01/2020,Cebolla,Medellín,1212,MED,1,1,0,6
07/01/2020,Tomate,B/manga,1136,BGA,3,0,0,6
07/01/2020,Tomate,Bogotá,1466,BOG,2,0,0,6
07/01/2020,Tomate,Cali,1136,CAL,4,0,0,6
07/01/2020,Tomate,Manizales,1364,MAN,5,1,0,6
07/01/2020,Tomate,Medellín,1575,MED,1,1,0,6
08/01/2020,Cebolla,B/manga,870,BGA,3,0,0,7
08/01/2020,Cebolla,Bogotá,850,BOG,2,0,0,7
08/01/2020,Cebolla,Cali,972,CAL,4,0,0,7
08/01/2020,Cebolla,Manizales,1075,MAN,5,1,0,7
08/01/2020,Cebolla,Medellín,1212,MED,1,1,0,7
08/01/2020,Tomate,B/manga,1136,BGA,3,0,0,7
08/01/2020,Tomate,Bogotá,1477,BOG,2,0,0,7
08/01/2020,Tomate,Cali,1136,CAL,4,0,0,7
08/01/2020,Tomate,Manizales,1364,MAN,5,1,0,7
08/01/2020,Tomate,Medellín,1575,MED,1,1,0,7
09/01/2020,Cebolla,B/manga,780,BGA,3,0,0,8
09/01/2020,Cebolla,Bogotá,775,BOG,2,0,0,8
09/01/2020,Cebolla,Cali,913,CAL,4,0,0,8
09/01/2020,Cebolla,Manizales,1075,MAN,5,1,0,8
09/01/2020,Cebolla,Medellín,1212,MED,1,1,0,8
09/01/2020,Tomate,B/manga,1136,BGA,3,0,0,8
09/01/2020,Tomate,Bogotá,1727,BOG,2,0,0,8
09/01/2020,Tomate,Cali,1546,CAL,4,0,0,8
09/01/2020,Tomate,Manizales,1500,MAN,5,1,0,8
09/01/2020,Tomate,Medellín,1575,MED,1,1,0,8
10/01/2020,Cebolla,B/manga,750,BGA,3,0,0,9
10/01/2020,Cebolla,Bogotá,700,BOG,2,0,0,9
10/01/2020,Cebolla,Cali,913,CAL,4,0,0,9
10/01/2020,Cebolla,Manizales,1075,MAN,5,1,0,9
10/01/2020,Cebolla,Medellín,1212,MED,1,1,0,9
10/01/2020,Tomate,B/manga,1136,BGA,3,0,0,9
10/01/2020,Tomate,Bogotá,1795,BOG,2,0,0,9
10/01/2020,Tomate,Cali,1546,CAL,4,0,0,9
10/01/2020,Tomate,Manizales,1500,MAN,5,1,0,9
10/01/2020,Tomate,Medellín,1575,MED,1,1,0,9
11/01/2020,Cebolla,B/manga,750,BGA,3,0,0,10
11/01/2020,Cebolla,Bogotá,700,BOG,2,0,0,10
11/01/2020,Cebolla,Cali,816,CAL,4,0,0,10
11/01/2020,Cebolla,Manizales,1075,MAN,5,1,0,10
11/01/2020,Cebolla,Medellín,1212,MED,1,1,0,10
11/01/2020,Tomate,B/manga,1136,BGA,3,0,0,10
11/01/2020,Tomate,Bogotá,1795,BOG,2,0,0,10
11/01/2020,Tomate,Cali,2138,CAL,4,0,0,10
11/01/2020,Tomate,Manizales,1500,MAN,5,1,0,10
11/01/2020,Tomate,Medellín,1575,MED,1,1,0,10
12/01/2020,Cebolla,B/manga,750,BGA,3,0,0,11
12/01/2020,Cebolla,Bogotá,700,BOG,2,0,0,11
12/01/2020,Cebolla,Cali,816,CAL,4,0,0,11
12/01/2020,Cebolla,Manizales,1075,MAN,5,1,0,11
12/01/2020,Cebolla,Medellín,1212,MED,1,1,0,11
12/01/2020,Tomate,B/manga,1136,BGA,3,0,0,11
12/01/2020,Tomate,Bogotá,1795,BOG,2,0,0,11
12/01/2020,Tomate,Cali,2138,CAL,4,0,0,11
12/01/2020,Tomate,Manizales,1500,MAN,5,1,0,11
12/01/2020,Tomate,Medellín,1575,MED,1,1,0,11
13/01/2020,Cebolla,B/manga,750,BGA,3,0,0,12
13/01/2020,Cebolla,Bogotá,750,BOG,2,0,0,12
13/01/2020,Cebolla,Cali,816,CAL,4,0,0,12
13/01/2020,Cebolla,Manizales,925,MAN,5,1,0,12
13/01/2020,Cebolla,Medellín,1212,MED,1,1,0,12
13/01/2020,Tomate,B/manga,1136,BGA,3,0,0,12
13/01/2020,Tomate,Bogotá,1864,BOG,2,0,0,12
13/01/2020,Tomate,Cali,2138,CAL,4,0,0,12
13/01/2020,Tomate,Manizales,2250,MAN,5,1,0,12
13/01/2020,Tomate,Medellín,2513,MED,1,1,0,12
14/01/2020,Cebolla,B/manga,670,BGA,3,0,0,13
14/01/2020,Cebolla,Bogotá,650,BOG,2,0,0,13
14/01/2020,Cebolla,Cali,660,CAL,4,0,0,13
14/01/2020,Cebolla,Manizales,925,MAN,5,1,0,13
14/01/2020,Cebolla,Medellín,1104,MED,1,1,0,13
14/01/2020,Tomate,B/manga,1909,BGA,3,0,0,13
14/01/2020,Tomate,Bogotá,2000,BOG,2,0,0,13
14/01/2020,Tomate,Cali,1136,CAL,4,0,0,13
14/01/2020,Tomate,Manizales,2250,MAN,5,1,0,13
14/01/2020,Tomate,Medellín,2475,MED,1,1,0,13
15/01/2020,Cebolla,B/manga,670,BGA,3,0,0,14
15/01/2020,Cebolla,Bogotá,650,BOG,2,0,0,14
15/01/2020,Cebolla,Cali,660,CAL,4,0,0,14
15/01/2020,Cebolla,Manizales,925,MAN,5,1,0,14
15/01/2020,Cebolla,Medellín,1014,MED,1,1,0,14
15/01/2020,Tomate,B/manga,1909,BGA,3,0,0,14
15/01/2020,Tomate,Bogotá,2091,BOG,2,0,0,14
15/01/2020,Tomate,Cali,1136,CAL,4,0,0,14
15/01/2020,Tomate,Manizales,2250,MAN,5,1,0,14
15/01/2020,Tomate,Medellín,2475,MED,1,1,0,14
16/01/2020,Cebolla,B/manga,600,BGA,3,0,0,15
16/01/2020,Cebolla,Bogotá,650,BOG,2,0,0,15
16/01/2020,Cebolla,Cali,700,CAL,4,0,0,15
16/01/2020,Cebolla,Manizales,850,MAN,5,1,0,15
16/01/2020,Cebolla,Medellín,1022,MED,1,1,0,15
16/01/2020,Tomate,B/manga,1909,BGA,3,0,0,15
16/01/2020,Tomate,Bogotá,2091,BOG,2,0,0,15
16/01/2020,Tomate,Cali,2433,CAL,4,0,0,15
16/01/2020,Tomate,Manizales,2091,MAN,5,1,0,15
16/01/2020,Tomate,Medellín,2475,MED,1,1,0,15
17/01/2020,Cebolla,B/manga,600,BGA,3,0,0,16
17/01/2020,Cebolla,Bogotá,600,BOG,2,0,0,16
17/01/2020,Cebolla,Cali,700,CAL,4,0,0,16
17/01/2020,Cebolla,Manizales,850,MAN,5,1,0,16
17/01/2020,Cebolla,Medellín,1022,MED,1,1,0,16
17/01/2020,Tomate,B/manga,1909,BGA,3,0,0,16
17/01/2020,Tomate,Bogotá,2455,BOG,2,0,0,16
17/01/2020,Tomate,Cali,2433,CAL,4,0,0,16
17/01/2020,Tomate,Manizales,2091,MAN,5,1,0,16
17/01/2020,Tomate,Medellín,2075,MED,1,1,0,16
18/01/2020,Cebolla,B/manga,600,BGA,3,0,0,17
18/01/2020,Cebolla,Bogotá,600,BOG,2,0,0,17
18/01/2020,Cebolla,Cali,700,CAL,4,0,0,17
18/01/2020,Cebolla,Manizales,850,MAN,5,1,0,17
18/01/2020,Cebolla,Medellín,1022,MED,1,1,0,17
18/01/2020,Tomate,B/manga,1909,BGA,3,0,0,17
18/01/2020,Tomate,Bogotá,2455,BOG,2,0,0,17
18/01/2020,Tomate,Cali,2433,CAL,4,0,0,17
18/01/2020,Tomate,Manizales,2091,MAN,5,1,0,17
18/01/2020,Tomate,Medellín,2075,MED,1,1,0,17
19/01/2020,Cebolla,B/manga,600,BGA,3,0,0,18
19/01/2020,Cebolla,Bogotá,600,BOG,2,0,0,18
19/01/2020,Cebolla,Cali,700,CAL,4,0,0,18
19/01/2020,Cebolla,Manizales,850,MAN,5,1,0,18
19/01/2020,Cebolla,Medellín,1022,MED,1,1,0,18
19/01/2020,Tomate,B/manga,1909,BGA,3,0,0,18
19/01/2020,Tomate,Bogotá,2455,BOG,2,0,0,18
19/01/2020,Tomate,Cali,2433,CAL,4,0,0,18
19/01/2020,Tomate,Manizales,2091,MAN,5,1,0,18
19/01/2020,Tomate,Medellín,2075,MED,1,1,0,18
20/01/2020,Cebolla,B/manga,600,BGA,3,0,0,19
20/01/2020,Cebolla,Bogotá,590,BOG,2,0,0,19
20/01/2020,Cebolla,Cali,643,CAL,4,0,0,19
20/01/2020,Cebolla,Manizales,850,MAN,5,1,0,19
20/01/2020,Cebolla,Medellín,867,MED,1,1,0,19
20/01/2020,Tomate,B/manga,1909,BGA,3,0,0,19
20/01/2020,Tomate,Bogotá,2273,BOG,2,0,0,19
20/01/2020,Tomate,Cali,2050,CAL,4,0,0,19
20/01/2020,Tomate,Manizales,2167,MAN,5,1,0,19
20/01/2020,Tomate,Medellín,2475,MED,1,1,0,19
21/01/2020,Cebolla,B/manga,580,BGA,3,0,0,20
21/01/2020,Cebolla,Bogotá,600,BOG,2,0,0,20
21/01/2020,Cebolla,Cali,639,CAL,4,0,0,20
21/01/2020,Cebolla,Manizales,850,MAN,5,1,0,20
21/01/2020,Cebolla,Medellín,936,MED,1,1,0,20
21/01/2020,Tomate,B/manga,1591,BGA,3,0,0,20
21/01/2020,Tomate,Bogotá,2212,BOG,2,0,0,20
21/01/2020,Tomate,Cali,2050,CAL,4,0,0,20
21/01/2020,Tomate,Manizales,2167,MAN,5,1,0,20
21/01/2020,Tomate,Medellín,2475,MED,1,1,0,20
22/01/2020,Cebolla,B/manga,580,BGA,3,0,0,21
22/01/2020,Cebolla,Bogotá,700,BOG,2,0,0,21
22/01/2020,Cebolla,Cali,639,CAL,4,0,0,21
22/01/2020,Cebolla,Manizales,850,MAN,5,1,0,21
22/01/2020,Cebolla,Medellín,936,MED,1,1,0,21
22/01/2020,Tomate,B/manga,1591,BGA,3,0,0,21
22/01/2020,Tomate,Bogotá,2045,BOG,2,0,0,21
22/01/2020,Tomate,Cali,2050,CAL,4,0,0,21
22/01/2020,Tomate,Manizales,2167,MAN,5,1,0,21
22/01/2020,Tomate,Medellín,2475,MED,1,1,0,21
23/01/2020,Cebolla,B/manga,680,BGA,3,0,0,22
23/01/2020,Cebolla,Bogotá,700,BOG,2,0,0,22
23/01/2020,Cebolla,Cali,608,CAL,4,0,0,22
23/01/2020,Cebolla,Manizales,950,MAN,5,1,0,22
23/01/2020,Cebolla,Medellín,936,MED,1,1,0,22
23/01/2020,Tomate,B/manga,1659,BGA,3,0,0,22
23/01/2020,Tomate,Bogotá,2136,BOG,2,0,0,22
23/01/2020,Tomate,Cali,2383,CAL,4,0,0,22
23/01/2020,Tomate,Manizales,2080,MAN,5,1,0,22
23/01/2020,Tomate,Medellín,2050,MED,1,1,0,22
24/01/2020,Cebolla,B/manga,680,BGA,3,0,0,23
24/01/2020,Cebolla,Bogotá,700,BOG,2,0,0,23
24/01/2020,Cebolla,Cali,608,CAL,4,0,0,23
24/01/2020,Cebolla,Manizales,950,MAN,5,1,0,23
24/01/2020,Cebolla,Medellín,936,MED,1,1,0,23
24/01/2020,Tomate,B/manga,1773,BGA,3,0,0,23
24/01/2020,Tomate,Bogotá,2455,BOG,2,0,0,23
24/01/2020,Tomate,Cali,2383,CAL,4,0,0,23
24/01/2020,Tomate,Manizales,2080,MAN,5,1,0,23
24/01/2020,Tomate,Medellín,2363,MED,1,1,0,23
25/01/2020,Cebolla,B/manga,680,BGA,3,0,0,24
25/01/2020,Cebolla,Cali,608,CAL,4,0,0,24
25/01/2020,Tomate,B/manga,1773,BGA,3,0,0,24
25/01/2020,Tomate,Cali,2383,CAL,4,0,0,24
25/01/2020,Cebolla,Bogotá,700,BOG,2,0,0,24
25/01/2020,Cebolla,Manizales,950,MAN,5,1,0,24
25/01/2020,Cebolla,Medellín,936,MED,1,1,0,24
25/01/2020,Tomate,Bogotá,2455,BOG,2,0,0,24
25/01/2020,Tomate,Manizales,2080,MAN,5,1,0,24
25/01/2020,Tomate,Medellín,2363,MED,1,1,0,24
26/01/2020,Cebolla,B/manga,680,BGA,3,0,0,25
26/01/2020,Cebolla,Cali,608,CAL,4,0,0,25
26/01/2020,Tomate,B/manga,1773,BGA,3,0,0,25
26/01/2020,Tomate,Cali,2383,CAL,4,0,0,25
26/01/2020,Cebolla,Bogotá,700,BOG,2,0,0,25
26/01/2020,Cebolla,Manizales,950,MAN,5,1,0,25
26/01/2020,Cebolla,Medellín,936,MED,1,1,0,25
26/01/2020,Tomate,Bogotá,2455,BOG,2,0,0,25
26/01/2020,Tomate,Manizales,2080,MAN,5,1,0,25
26/01/2020,Tomate,Medellín,2363,MED,1,1,0,25
27/01/2020,Cebolla,B/manga,680,BGA,3,0,0,26
27/01/2020,Cebolla,Bogotá,650,BOG,2,0,0,26
27/01/2020,Cebolla,Cali,637,CAL,4,0,0,26
27/01/2020,Cebolla,Manizales,775,MAN,5,1,0,26
27/01/2020,Cebolla,Medellín,936,MED,1,1,0,26
27/01/2020,Tomate,B/manga,1773,BGA,3,0,0,26
27/01/2020,Tomate,Bogotá,2318,BOG,2,0,0,26
27/01/2020,Tomate,Cali,1500,CAL,4,0,0,26
27/01/2020,Tomate,Manizales,1818,MAN,5,1,0,26
27/01/2020,Tomate,Medellín,2100,MED,1,1,0,26
28/01/2020,Cebolla,B/manga,650,BGA,3,0,0,27
28/01/2020,Cebolla,Bogotá,700,BOG,2,0,0,27
28/01/2020,Cebolla,Cali,708,CAL,4,0,0,27
28/01/2020,Cebolla,Manizales,775,MAN,5,1,0,27
28/01/2020,Cebolla,Medellín,837,MED,1,1,0,27
28/01/2020,Tomate,B/manga,1659,BGA,3,0,0,27
28/01/2020,Tomate,Bogotá,2324,BOG,2,0,0,27
28/01/2020,Tomate,Cali,1500,CAL,4,0,0,27
28/01/2020,Tomate,Manizales,1818,MAN,5,1,0,27
28/01/2020,Tomate,Medellín,2100,MED,1,1,0,27
29/01/2020,Cebolla,B/manga,650,BGA,3,0,0,28
29/01/2020,Cebolla,Bogotá,700,BOG,2,0,0,28
29/01/2020,Cebolla,Cali,708,CAL,4,0,0,28
29/01/2020,Cebolla,Manizales,775,MAN,5,1,0,28
29/01/2020,Cebolla,Medellín,837,MED,1,1,0,28
29/01/2020,Tomate,B/manga,1659,BGA,3,0,0,28
29/01/2020,Tomate,Bogotá,2250,BOG,2,0,0,28
29/01/2020,Tomate,Cali,1500,CAL,4,0,0,28
29/01/2020,Tomate,Manizales,1818,MAN,5,1,0,28
29/01/2020,Tomate,Medellín,2100,MED,1,1,0,28
30/01/2020,Cebolla,B/manga,600,BGA,3,0,0,29
30/01/2020,Cebolla,Bogotá,650,BOG,2,0,0,29
30/01/2020,Cebolla,Cali,649,CAL,4,0,0,29
30/01/2020,Cebolla,Manizales,900,MAN,5,1,0,29
30/01/2020,Cebolla,Medellín,837,MED,1,1,0,29
30/01/2020,Tomate,B/manga,1705,BGA,3,0,0,29
30/01/2020,Tomate,Bogotá,2273,BOG,2,0,0,29
30/01/2020,Tomate,Cali,2463,CAL,4,0,0,29
30/01/2020,Tomate,Manizales,1761,MAN,5,1,0,29
30/01/2020,Tomate,Medellín,2475,MED,1,1,0,29
31/01/2020,Cebolla,B/manga,600,BGA,3,0,0,30
31/01/2020,Cebolla,Bogotá,600,BOG,2,0,0,30
31/01/2020,Cebolla,Cali,649,CAL,4,0,0,30
31/01/2020,Cebolla,Manizales,900,MAN,5,1,0,30
31/01/2020,Cebolla,Medellín,837,MED,1,1,0,30
31/01/2020,Tomate,B/manga,1898,BGA,3,0,0,30
31/01/2020,Tomate,Bogotá,2273,BOG,2,0,0,30
31/01/2020,Tomate,Cali,2463,CAL,4,0,0,30
31/01/2020,Tomate,Manizales,1761,MAN,5,1,0,30
31/01/2020,Tomate,Medellín,2950,MED,1,1,0,30
01/02/2020,Cebolla,B/manga,600,BGA,3,0,0,31
01/02/2020,Cebolla,Bogotá,600,BOG,2,0,0,31
01/02/2020,Cebolla,Cali,649,CAL,4,0,0,31
01/02/2020,Cebolla,Manizales,900,MAN,5,1,0,31
01/02/2020,Cebolla,Medellín,837,MED,1,1,0,31
01/02/2020,Tomate,B/manga,1898,BGA,3,0,0,31
01/02/2020,Tomate,Bogotá,2273,BOG,2,0,0,31
01/02/2020,Tomate,Cali,2463,CAL,4,0,0,31
01/02/2020,Tomate,Manizales,1761,MAN,5,1,0,31
01/02/2020,Tomate,Medellín,2950,MED,1,1,0,31
02/02/2020,Cebolla,B/manga,600,BGA,3,0,0,32
02/02/2020,Cebolla,Bogotá,600,BOG,2,0,0,32
02/02/2020,Cebolla,Cali,649,CAL,4,0,0,32
02/02/2020,Cebolla,Manizales,900,MAN,5,1,0,32
02/02/2020,Cebolla,Medellín,837,MED,1,1,0,32
02/02/2020,Tomate,B/manga,1898,BGA,3,0,0,32
02/02/2020,Tomate,Bogotá,2273,BOG,2,0,0,32
02/02/2020,Tomate,Cali,2463,CAL,4,0,0,32
02/02/2020,Tomate,Manizales,1761,MAN,5,1,0,32
02/02/2020,Tomate,Medellín,2950,MED,1,1,0,32
03/02/2020,Cebolla,B/manga,600,BGA,3,0,0,33
03/02/2020,Cebolla,Bogotá,600,BOG,2,0,0,33
03/02/2020,Cebolla,Cali,625,CAL,4,0,0,33
03/02/2020,Cebolla,Manizales,850,MAN,5,1,0,33
03/02/2020,Cebolla,Medellín,958,MED,1,1,0,33
03/02/2020,Tomate,B/manga,1898,BGA,3,0,0,33
03/02/2020,Tomate,Bogotá,2227,BOG,2,0,0,33
03/02/2020,Tomate,Cali,2475,CAL,4,0,0,33
03/02/2020,Tomate,Manizales,3000,MAN,5,1,0,33
03/02/2020,Tomate,Medellín,2455,MED,1,1,0,33
04/02/2020,Cebolla,B/manga,620,BGA,3,0,0,34
04/02/2020,Cebolla,Bogotá,600,BOG,2,0,0,34
04/02/2020,Cebolla,Cali,563,CAL,4,0,0,34
04/02/2020,Cebolla,Manizales,850,MAN,5,1,0,34
04/02/2020,Cebolla,Medellín,952,MED,1,1,0,34
04/02/2020,Tomate,B/manga,2193,BGA,3,0,0,34
04/02/2020,Tomate,Bogotá,2273,BOG,2,0,0,34
04/02/2020,Tomate,Cali,2475,CAL,4,0,0,34
04/02/2020,Tomate,Manizales,3000,MAN,5,1,0,34
04/02/2020,Tomate,Medellín,2850,MED,1,1,0,34
05/02/2020,Cebolla,B/manga,620,BGA,3,0,0,35
05/02/2020,Cebolla,Bogotá,600,BOG,2,0,0,35
05/02/2020,Cebolla,Cali,563,CAL,4,0,0,35
05/02/2020,Cebolla,Manizales,850,MAN,5,1,0,35
05/02/2020,Cebolla,Medellín,971,MED,1,1,0,35
05/02/2020,Tomate,B/manga,2193,BGA,3,0,0,35
05/02/2020,Tomate,Bogotá,2273,BOG,2,0,0,35
05/02/2020,Tomate,Cali,2475,CAL,4,0,0,35
05/02/2020,Tomate,Manizales,3000,MAN,5,1,0,35
05/02/2020,Tomate,Medellín,2850,MED,1,1,0,35
06/02/2020,Cebolla,B/manga,640,BGA,3,0,0,36
06/02/2020,Cebolla,Bogotá,600,BOG,2,0,0,36
06/02/2020,Cebolla,Cali,632,CAL,4,0,0,36
06/02/2020,Cebolla,Manizales,850,MAN,5,1,0,36
06/02/2020,Cebolla,Medellín,965,MED,1,1,0,36
06/02/2020,Tomate,B/manga,2216,BGA,3,0,0,36
06/02/2020,Tomate,Bogotá,2318,BOG,2,0,0,36
06/02/2020,Tomate,Cali,2683,CAL,4,0,0,36
06/02/2020,Tomate,Manizales,2364,MAN,5,1,0,36
06/02/2020,Tomate,Medellín,2900,MED,1,1,0,36
07/02/2020,Cebolla,B/manga,630,BGA,3,0,0,37
07/02/2020,Cebolla,Bogotá,600,BOG,2,0,0,37
07/02/2020,Cebolla,Cali,632,CAL,4,0,0,37
07/02/2020,Cebolla,Manizales,850,MAN,5,1,0,37
07/02/2020,Cebolla,Medellín,952,MED,1,1,0,37
07/02/2020,Tomate,B/manga,2216,BGA,3,0,0,37
07/02/2020,Tomate,Bogotá,2273,BOG,2,0,0,37
07/02/2020,Tomate,Cali,2683,CAL,4,0,0,37
07/02/2020,Tomate,Manizales,2364,MAN,5,1,0,37
07/02/2020,Tomate,Medellín,2600,MED,1,1,0,37
08/02/2020,Cebolla,B/manga,630,BGA,3,0,0,38
08/02/2020,Cebolla,Bogotá,600,BOG,2,0,0,38
08/02/2020,Cebolla,Cali,632,CAL,4,0,0,38
08/02/2020,Cebolla,Manizales,850,MAN,5,1,0,38
08/02/2020,Cebolla,Medellín,952,MED,1,1,0,38
08/02/2020,Tomate,B/manga,2216,BGA,3,0,0,38
08/02/2020,Tomate,Bogotá,2273,BOG,2,0,0,38
08/02/2020,Tomate,Cali,2683,CAL,4,0,0,38
08/02/2020,Tomate,Manizales,2364,MAN,5,1,0,38
08/02/2020,Tomate,Medellín,2600,MED,1,1,0,38
09/02/2020,Cebolla,B/manga,630,BGA,3,0,0,39
09/02/2020,Cebolla,Bogotá,600,BOG,2,0,0,39
09/02/2020,Cebolla,Cali,632,CAL,4,0,0,39
09/02/2020,Cebolla,Manizales,850,MAN,5,1,0,39
09/02/2020,Cebolla,Medellín,952,MED,1,1,0,39
09/02/2020,Tomate,B/manga,2216,BGA,3,0,0,39
09/02/2020,Tomate,Bogotá,2273,BOG,2,0,0,39
09/02/2020,Tomate,Cali,2683,CAL,4,0,0,39
09/02/2020,Tomate,Manizales,2364,MAN,5,1,0,39
09/02/2020,Tomate,Medellín,2600,MED,1,1,0,39
10/02/2020,Cebolla,B/manga,630,BGA,3,0,0,40
10/02/2020,Cebolla,Bogotá,650,BOG,2,0,0,40
10/02/2020,Cebolla,Cali,625,CAL,4,0,0,40
10/02/2020,Cebolla,Manizales,850,MAN,5,1,0,40
10/02/2020,Cebolla,Medellín,952,MED,1,1,0,40
10/02/2020,Tomate,B/manga,2216,BGA,3,0,0,40
10/02/2020,Tomate,Bogotá,2273,BOG,2,0,0,40
10/02/2020,Tomate,Cali,2833,CAL,4,0,0,40
10/02/2020,Tomate,Manizales,2227,MAN,5,1,0,40
10/02/2020,Tomate,Medellín,2313,MED,1,1,0,40
11/02/2020,Cebolla,B/manga,620,BGA,3,0,0,41
11/02/2020,Cebolla,Bogotá,530,BOG,2,0,0,41
11/02/2020,Cebolla,Cali,569,CAL,4,0,0,41
11/02/2020,Cebolla,Manizales,850,MAN,5,1,0,41
11/02/2020,Cebolla,Medellín,978,MED,1,1,0,41
11/02/2020,Tomate,B/manga,2205,BGA,3,0,0,41
11/02/2020,Tomate,Bogotá,2250,BOG,2,0,0,41
11/02/2020,Tomate,Cali,2833,CAL,4,0,0,41
11/02/2020,Tomate,Manizales,2227,MAN,5,1,0,41
11/02/2020,Tomate,Medellín,2013,MED,1,1,0,41
12/02/2020,Cebolla,B/manga,620,BGA,3,0,0,42
12/02/2020,Cebolla,Bogotá,580,BOG,2,0,0,42
12/02/2020,Cebolla,Cali,569,CAL,4,0,0,42
12/02/2020,Cebolla,Manizales,850,MAN,5,1,0,42
12/02/2020,Cebolla,Medellín,978,MED,1,1,0,42
12/02/2020,Tomate,B/manga,2205,BGA,3,0,0,42
12/02/2020,Tomate,Bogotá,2409,BOG,2,0,0,42
12/02/2020,Tomate,Cali,2833,CAL,4,0,0,42
12/02/2020,Tomate,Manizales,2227,MAN,5,1,0,42
12/02/2020,Tomate,Medellín,1863,MED,1,1,0,42
13/02/2020,Cebolla,B/manga,620,BGA,3,0,0,43
13/02/2020,Cebolla,Bogotá,580,BOG,2,0,0,43
13/02/2020,Cebolla,Cali,602,CAL,4,0,0,43
13/02/2020,Cebolla,Manizales,850,MAN,5,1,0,43
13/02/2020,Cebolla,Medellín,978,MED,1,1,0,43
13/02/2020,Tomate,B/manga,2148,BGA,3,0,0,43
13/02/2020,Tomate,Bogotá,2614,BOG,2,0,0,43
13/02/2020,Tomate,Cali,2446,CAL,4,0,0,43
13/02/2020,Tomate,Manizales,2034,MAN,5,1,0,43
13/02/2020,Tomate,Medellín,1900,MED,1,1,0,43
14/02/2020,Cebolla,Bogotá,550,BOG,2,0,0,44
14/02/2020,Cebolla,Manizales,850,MAN,5,1,0,44
14/02/2020,Cebolla,Medellín,978,MED,1,1,0,44
14/02/2020,Cebolla,B/manga,600,BGA,3,0,0,44
14/02/2020,Cebolla,Cali,613,CAL,4,0,0,44
14/02/2020,Tomate,B/manga,2148,BGA,3,0,0,44
14/02/2020,Tomate,Bogotá,2477,BOG,2,0,0,44
14/02/2020,Tomate,Cali,2917,CAL,4,0,0,44
14/02/2020,Tomate,Manizales,2034,MAN,5,1,0,44
14/02/2020,Tomate,Medellín,2263,MED,1,1,0,44
15/02/2020,Cebolla,Bogotá,550,BOG,2,0,0,45
15/02/2020,Cebolla,Manizales,850,MAN,5,1,0,45
15/02/2020,Cebolla,Medellín,978,MED,1,1,0,45
15/02/2020,Cebolla,B/manga,600,BGA,3,0,0,45
15/02/2020,Cebolla,Cali,613,CAL,4,0,0,45
15/02/2020,Tomate,B/manga,2148,BGA,3,0,0,45
15/02/2020,Tomate,Bogotá,2477,BOG,2,0,0,45
15/02/2020,Tomate,Cali,2917,CAL,4,0,0,45
15/02/2020,Tomate,Manizales,2034,MAN,5,1,0,45
15/02/2020,Tomate,Medellín,2263,MED,1,1,0,45
16/02/2020,Cebolla,Bogotá,550,BOG,2,0,0,46
16/02/2020,Cebolla,Manizales,850,MAN,5,1,0,46
16/02/2020,Cebolla,Medellín,978,MED,1,1,0,46
16/02/2020,Cebolla,B/manga,600,BGA,3,0,0,46
16/02/2020,Cebolla,Cali,613,CAL,4,0,0,46
16/02/2020,Tomate,B/manga,2148,BGA,3,0,0,46
16/02/2020,Tomate,Bogotá,2477,BOG,2,0,0,46
16/02/2020,Tomate,Cali,2917,CAL,4,0,0,46
16/02/2020,Tomate,Manizales,2034,MAN,5,1,0,46
16/02/2020,Tomate,Medellín,2263,MED,1,1,0,46
17/02/2020,Cebolla,Bogotá,590,BOG,2,0,0,47
17/02/2020,Cebolla,Manizales,775,MAN,5,1,0,47
17/02/2020,Cebolla,Medellín,1144,MED,1,1,0,47
17/02/2020,Cebolla,B/manga,600,BGA,3,0,0,47
17/02/2020,Cebolla,Cali,613,CAL,4,0,0,47
17/02/2020,Tomate,B/manga,2148,BGA,3,0,0,47
17/02/2020,Tomate,Bogotá,2250,BOG,2,0,0,47
17/02/2020,Tomate,Cali,2917,CAL,4,0,0,47
17/02/2020,Tomate,Manizales,2034,MAN,5,1,0,47
17/02/2020,Tomate,Medellín,2488,MED,1,1,0,47
18/02/2020,Cebolla,Bogotá,600,BOG,2,0,0,48
18/02/2020,Cebolla,Manizales,775,MAN,5,1,0,48
18/02/2020,Cebolla,Medellín,1178,MED,1,1,0,48
18/02/2020,Cebolla,B/manga,600,BGA,3,0,0,48
18/02/2020,Cebolla,Cali,507,CAL,4,0,0,48
18/02/2020,Tomate,B/manga,1761,BGA,3,0,0,48
18/02/2020,Tomate,Bogotá,2250,BOG,2,0,0,48
18/02/2020,Tomate,Cali,2917,CAL,4,0,0,48
18/02/2020,Tomate,Manizales,2034,MAN,5,1,0,48
18/02/2020,Tomate,Medellín,2788,MED,1,1,0,48
19/02/2020,Cebolla,Bogotá,515,BOG,2,0,0,49
19/02/2020,Cebolla,Manizales,775,MAN,5,1,0,49
19/02/2020,Cebolla,Medellín,1185,MED,1,1,0,49
19/02/2020,Cebolla,B/manga,600,BGA,3,0,0,49
19/02/2020,Cebolla,Cali,507,CAL,4,0,0,49
19/02/2020,Tomate,B/manga,1761,BGA,3,0,0,49
19/02/2020,Tomate,Bogotá,2011,BOG,2,0,0,49
19/02/2020,Tomate,Cali,2917,CAL,4,0,0,49
19/02/2020,Tomate,Manizales,2034,MAN,5,1,0,49
19/02/2020,Tomate,Medellín,2775,MED,1,1,0,49
20/02/2020,Cebolla,Bogotá,515,BOG,2,0,0,50
20/02/2020,Cebolla,Manizales,775,MAN,5,1,0,50
20/02/2020,Cebolla,Medellín,1146,MED,1,1,0,50
20/02/2020,Cebolla,B/manga,580,BGA,3,0,0,50
20/02/2020,Cebolla,Cali,502,CAL,4,0,0,50
20/02/2020,Tomate,B/manga,1443,BGA,3,0,0,50
20/02/2020,Tomate,Bogotá,2045,BOG,2,0,0,50
20/02/2020,Tomate,Cali,1883,CAL,4,0,0,50
20/02/2020,Tomate,Manizales,1818,MAN,5,1,0,50
20/02/2020,Tomate,Medellín,2238,MED,1,1,0,50
21/02/2020,Cebolla,Bogotá,550,BOG,2,0,0,51
21/02/2020,Cebolla,Manizales,775,MAN,5,1,0,51
21/02/2020,Cebolla,Medellín,1133,MED,1,1,0,51
21/02/2020,Cebolla,B/manga,590,BGA,3,0,0,51
21/02/2020,Cebolla,Cali,502,CAL,4,0,0,51
21/02/2020,Tomate,B/manga,1307,BGA,3,0,0,51
21/02/2020,Tomate,Bogotá,1795,BOG,2,0,0,51
21/02/2020,Tomate,Cali,1883,CAL,4,0,0,51
21/02/2020,Tomate,Manizales,1818,MAN,5,1,0,51
21/02/2020,Tomate,Medellín,2063,MED,1,1,0,51
22/02/2020,Cebolla,Bogotá,550,BOG,2,0,0,52
22/02/2020,Cebolla,Manizales,775,MAN,5,1,0,52
22/02/2020,Cebolla,Medellín,1133,MED,1,1,0,52
22/02/2020,Cebolla,B/manga,590,BGA,3,0,0,52
22/02/2020,Cebolla,Cali,502,CAL,4,0,0,52
22/02/2020,Tomate,B/manga,1307,BGA,3,0,0,52
22/02/2020,Tomate,Bogotá,1795,BOG,2,0,0,52
22/02/2020,Tomate,Cali,1883,CAL,4,0,0,52
22/02/2020,Tomate,Manizales,1818,MAN,5,1,0,52
22/02/2020,Tomate,Medellín,2063,MED,1,1,0,52
23/02/2020,Cebolla,Bogotá,550,BOG,2,0,0,53
23/02/2020,Cebolla,Manizales,775,MAN,5,1,0,53
23/02/2020,Cebolla,Medellín,1133,MED,1,1,0,53
23/02/2020,Cebolla,B/manga,590,BGA,3,0,0,53
23/02/2020,Cebolla,Cali,502,CAL,4,0,0,53
23/02/2020,Tomate,B/manga,1307,BGA,3,0,0,53
23/02/2020,Tomate,Bogotá,1795,BOG,2,0,0,53
23/02/2020,Tomate,Cali,1883,CAL,4,0,0,53
23/02/2020,Tomate,Manizales,1818,MAN,5,1,0,53
23/02/2020,Tomate,Medellín,2063,MED,1,1,0,53
24/02/2020,Cebolla,Bogotá,580,BOG,2,0,0,54
24/02/2020,Cebolla,Manizales,815,MAN,5,1,0,54
24/02/2020,Cebolla,Medellín,951,MED,1,1,0,54
24/02/2020,Cebolla,B/manga,502,BGA,3,0,0,54
24/02/2020,Cebolla,Cali,523,CAL,4,0,0,54
24/02/2020,Tomate,B/manga,1883,BGA,3,0,0,54
24/02/2020,Tomate,Bogotá,1773,BOG,2,0,0,54
24/02/2020,Tomate,Cali,1521,CAL,4,0,0,54
24/02/2020,Tomate,Manizales,1432,MAN,5,1,0,54
24/02/2020,Tomate,Medellín,1875,MED,1,1,0,54
25/02/2020,Cebolla,Bogotá,565,BOG,2,0,0,55
25/02/2020,Cebolla,Manizales,815,MAN,5,1,0,55
25/02/2020,Cebolla,Medellín,951,MED,1,1,0,55
25/02/2020,Cebolla,B/manga,600,BGA,3,0,0,55
25/02/2020,Cebolla,Cali,493,CAL,4,0,0,55
25/02/2020,Tomate,B/manga,1386,BGA,3,0,0,55
25/02/2020,Tomate,Bogotá,2045,BOG,2,0,0,55
25/02/2020,Tomate,Cali,1521,CAL,4,0,0,55
25/02/2020,Tomate,Manizales,1432,MAN,5,1,0,55
25/02/2020,Tomate,Medellín,1875,MED,1,1,0,55
26/02/2020,Cebolla,Bogotá,580,BOG,2,0,0,56
26/02/2020,Cebolla,Manizales,815,MAN,5,1,0,56
26/02/2020,Cebolla,Medellín,951,MED,1,1,0,56
26/02/2020,Cebolla,B/manga,600,BGA,3,0,0,56
26/02/2020,Cebolla,Cali,493,CAL,4,0,0,56
26/02/2020,Tomate,B/manga,1386,BGA,3,0,0,56
26/02/2020,Tomate,Bogotá,2000,BOG,2,0,0,56
26/02/2020,Tomate,Cali,1521,CAL,4,0,0,56
26/02/2020,Tomate,Manizales,1432,MAN,5,1,0,56
26/02/2020,Tomate,Medellín,1800,MED,1,1,0,56
27/02/2020,Cebolla,Bogotá,600,BOG,2,0,0,57
27/02/2020,Cebolla,Manizales,775,MAN,5,1,0,57
27/02/2020,Cebolla,Medellín,951,MED,1,1,0,57
27/02/2020,Cebolla,B/manga,825,BGA,3,0,0,57
27/02/2020,Cebolla,Cali,583,CAL,4,0,0,57
27/02/2020,Tomate,B/manga,1864,BGA,3,0,0,57
27/02/2020,Tomate,Bogotá,1977,BOG,2,0,0,57
27/02/2020,Tomate,Cali,1654,CAL,4,0,0,57
27/02/2020,Tomate,Manizales,1432,MAN,5,1,0,57
27/02/2020,Tomate,Medellín,1900,MED,1,1,0,57
28/02/2020,Cebolla,Bogotá,580,BOG,2,0,0,58
28/02/2020,Cebolla,Manizales,775,MAN,5,1,0,58
28/02/2020,Cebolla,Medellín,951,MED,1,1,0,58
28/02/2020,Cebolla,B/manga,650,BGA,3,0,0,58
28/02/2020,Cebolla,Cali,583,CAL,4,0,0,58
28/02/2020,Tomate,B/manga,1375,BGA,3,0,0,58
28/02/2020,Tomate,Bogotá,2000,BOG,2,0,0,58
28/02/2020,Tomate,Cali,1654,CAL,4,0,0,58
28/02/2020,Tomate,Manizales,1432,MAN,5,1,0,58
28/02/2020,Tomate,Medellín,1900,MED,1,1,0,58
29/02/2020,Cebolla,B/manga,650,BGA,3,0,0,59
29/02/2020,Cebolla,Cali,583,CAL,4,0,0,59
29/02/2020,Tomate,B/manga,1375,BGA,3,0,0,59
29/02/2020,Tomate,Cali,1654,CAL,4,0,0,59
29/02/2020,Tomate,Bogotá,2000,BOG,2,0,0,59
29/02/2020,Tomate,Manizales,1432,MAN,5,1,0,59
29/02/2020,Tomate,Medellín,1900,MED,1,1,0,59
29/02/2020,Cebolla,Bogotá,580,BOG,2,0,0,59
29/02/2020,Cebolla,Manizales,775,MAN,5,1,0,59
29/02/2020,Cebolla,Medellín,951,MED,1,1,0,59
01/03/2020,Cebolla,B/manga,650,BGA,3,0,0,60
01/03/2020,Cebolla,Cali,583,CAL,4,0,0,60
01/03/2020,Tomate,B/manga,1375,BGA,3,0,0,60
01/03/2020,Tomate,Cali,1654,CAL,4,0,0,60
01/03/2020,Cebolla,Bogotá,580,BOG,2,0,0,60
01/03/2020,Cebolla,Manizales,775,MAN,5,1,0,60
01/03/2020,Cebolla,Medellín,951,MED,1,1,0,60
01/03/2020,Tomate,Bogotá,2000,BOG,2,0,0,60
01/03/2020,Tomate,Manizales,1432,MAN,5,1,0,60
01/03/2020,Tomate,Medellín,1900,MED,1,1,0,60
02/03/2020,Cebolla,B/manga,650,BGA,3,0,0,61
02/03/2020,Cebolla,Bogotá,600,BOG,2,0,0,61
02/03/2020,Cebolla,Cali,554,CAL,4,0,0,61
02/03/2020,Cebolla,Manizales,725,MAN,5,1,0,61
02/03/2020,Cebolla,Medellín,986,MED,1,1,0,61
02/03/2020,Tomate,B/manga,1375,BGA,3,0,0,61
02/03/2020,Tomate,Bogotá,1864,BOG,2,0,0,61
02/03/2020,Tomate,Cali,1992,CAL,4,0,0,61
02/03/2020,Tomate,Manizales,1182,MAN,5,1,0,61
02/03/2020,Tomate,Medellín,1713,MED,1,1,0,61
03/03/2020,Tomate,Bogotá,1864,BOG,2,0,0,62
03/03/2020,Tomate,Cali,1992,CAL,4,0,0,62
03/03/2020,Tomate,Manizales,1182,MAN,5,1,0,62
03/03/2020,Tomate,Medellín,1713,MED,1,1,0,62
03/03/2020,Tomate,B/manga,2034,BGA,3,0,0,62
03/03/2020,Cebolla,B/manga,650,BGA,3,0,0,62
03/03/2020,Cebolla,Bogotá,580,BOG,2,0,0,62
03/03/2020,Cebolla,Cali,526,CAL,4,0,0,62
03/03/2020,Cebolla,Manizales,725,MAN,5,1,0,62
03/03/2020,Cebolla,Medellín,971,MED,1,1,0,62
04/03/2020,Cebolla,B/manga,650,BGA,3,0,0,63
04/03/2020,Cebolla,Bogotá,580,BOG,2,0,0,63
04/03/2020,Cebolla,Cali,526,CAL,4,0,0,63
04/03/2020,Cebolla,Manizales,725,MAN,5,1,0,63
04/03/2020,Cebolla,Medellín,962,MED,1,1,0,63
04/03/2020,Tomate,B/manga,2034,BGA,3,0,0,63
04/03/2020,Tomate,Bogotá,2011,BOG,2,0,0,63
04/03/2020,Tomate,Cali,1992,CAL,4,0,0,63
04/03/2020,Tomate,Manizales,1386,MAN,5,1,0,63
04/03/2020,Tomate,Medellín,1800,MED,1,1,0,63
05/03/2020,Cebolla,B/manga,675,BGA,3,0,0,64
05/03/2020,Cebolla,Bogotá,600,BOG,2,0,0,64
05/03/2020,Cebolla,Cali,576,CAL,4,0,0,64
05/03/2020,Cebolla,Manizales,725,MAN,5,1,0,64
05/03/2020,Cebolla,Medellín,1055,MED,1,1,0,64
05/03/2020,Tomate,B/manga,2034,BGA,3,0,0,64
05/03/2020,Tomate,Bogotá,1938,BOG,2,0,0,64
05/03/2020,Tomate,Cali,2900,CAL,4,0,0,64
05/03/2020,Tomate,Manizales,1386,MAN,5,1,0,64
05/03/2020,Tomate,Medellín,1900,MED,1,1,0,64
06/03/2020,Cebolla,B/manga,650,BGA,3,0,0,65
06/03/2020,Cebolla,Bogotá,600,BOG,2,0,0,65
06/03/2020,Cebolla,Cali,576,CAL,4,0,0,65
06/03/2020,Cebolla,Manizales,725,MAN,5,1,0,65
06/03/2020,Cebolla,Medellín,937,MED,1,1,0,65
06/03/2020,Tomate,B/manga,2136,BGA,3,0,0,65
06/03/2020,Tomate,Bogotá,2080,BOG,2,0,0,65
06/03/2020,Tomate,Cali,2900,CAL,4,0,0,65
06/03/2020,Tomate,Manizales,1386,MAN,5,1,0,65
06/03/2020,Tomate,Medellín,2175,MED,1,1,0,65
07/03/2020,Cebolla,B/manga,650,BGA,3,0,0,66
07/03/2020,Cebolla,Bogotá,600,BOG,2,0,0,66
07/03/2020,Cebolla,Cali,576,CAL,4,0,0,66
07/03/2020,Cebolla,Manizales,725,MAN,5,1,0,66
07/03/2020,Cebolla,Medellín,937,MED,1,1,0,66
07/03/2020,Tomate,B/manga,2136,BGA,3,0,0,66
07/03/2020,Tomate,Bogotá,2080,BOG,2,0,0,66
07/03/2020,Tomate,Cali,2900,CAL,4,0,0,66
07/03/2020,Tomate,Manizales,1386,MAN,5,1,0,66
07/03/2020,Tomate,Medellín,2175,MED,1,1,0,66
08/03/2020,Cebolla,B/manga,650,BGA,3,0,0,67
08/03/2020,Cebolla,Bogotá,600,BOG,2,0,0,67
08/03/2020,Cebolla,Cali,576,CAL,4,0,0,67
08/03/2020,Cebolla,Manizales,725,MAN,5,1,0,67
08/03/2020,Cebolla,Medellín,937,MED,1,1,0,67
08/03/2020,Tomate,B/manga,2136,BGA,3,0,0,67
08/03/2020,Tomate,Bogotá,2080,BOG,2,0,0,67
08/03/2020,Tomate,Cali,2900,CAL,4,0,0,67
08/03/2020,Tomate,Manizales,1386,MAN,5,1,0,67
08/03/2020,Tomate,Medellín,2175,MED,1,1,0,67
09/03/2020,Cebolla,B/manga,650,BGA,3,0,0,68
09/03/2020,Cebolla,Bogotá,600,BOG,2,0,0,68
09/03/2020,Cebolla,Cali,632,CAL,4,0,0,68
09/03/2020,Cebolla,Manizales,850,MAN,5,1,0,68
09/03/2020,Cebolla,Medellín,937,MED,1,1,0,68
09/03/2020,Tomate,B/manga,2136,BGA,3,0,0,68
09/03/2020,Tomate,Bogotá,1943,BOG,2,0,0,68
09/03/2020,Tomate,Cali,1908,CAL,4,0,0,68
09/03/2020,Tomate,Manizales,1386,MAN,5,1,0,68
09/03/2020,Tomate,Medellín,2175,MED,1,1,0,68
10/03/2020,Cebolla,B/manga,675,BGA,3,0,0,69
10/03/2020,Cebolla,Bogotá,650,BOG,2,0,0,69
10/03/2020,Cebolla,Cali,594,CAL,4,0,0,69
10/03/2020,Cebolla,Manizales,850,MAN,5,1,0,69
10/03/2020,Cebolla,Medellín,937,MED,1,1,0,69
10/03/2020,Tomate,B/manga,2159,BGA,3,0,0,69
10/03/2020,Tomate,Bogotá,1943,BOG,2,0,0,69
10/03/2020,Tomate,Cali,1908,CAL,4,0,0,69
10/03/2020,Tomate,Manizales,1386,MAN,5,1,0,69
10/03/2020,Tomate,Medellín,2175,MED,1,1,0,69
11/03/2020,Cebolla,B/manga,675,BGA,3,0,0,70
11/03/2020,Cebolla,Bogotá,750,BOG,2,0,0,70
11/03/2020,Cebolla,Cali,594,CAL,4,0,0,70
11/03/2020,Cebolla,Manizales,850,MAN,5,1,0,70
11/03/2020,Cebolla,Medellín,1067,MED,1,1,0,70
11/03/2020,Tomate,B/manga,2159,BGA,3,0,0,70
11/03/2020,Tomate,Bogotá,1989,BOG,2,0,0,70
11/03/2020,Tomate,Cali,1908,CAL,4,0,0,70
11/03/2020,Tomate,Manizales,1386,MAN,5,1,0,70
11/03/2020,Tomate,Medellín,1850,MED,1,1,0,70
12/03/2020,Cebolla,B/manga,750,BGA,3,0,0,71
12/03/2020,Cebolla,Bogotá,850,BOG,2,0,0,71
12/03/2020,Cebolla,Cali,845,CAL,4,0,0,71
12/03/2020,Cebolla,Manizales,975,MAN,5,1,0,71
12/03/2020,Cebolla,Medellín,1337,MED,1,1,0,71
12/03/2020,Tomate,B/manga,1761,BGA,3,0,0,71
12/03/2020,Tomate,Bogotá,1966,BOG,2,0,0,71
12/03/2020,Tomate,Cali,1621,CAL,4,0,0,71
12/03/2020,Tomate,Manizales,1420,MAN,5,1,0,71
12/03/2020,Tomate,Medellín,1413,MED,1,1,0,71
13/03/2020,Cebolla,B/manga,750,BGA,3,0,0,72
13/03/2020,Cebolla,Bogotá,800,BOG,2,0,0,72
13/03/2020,Cebolla,Cali,845,CAL,4,0,0,72
13/03/2020,Cebolla,Manizales,975,MAN,5,1,0,72
13/03/2020,Cebolla,Medellín,1337,MED,1,1,0,72
13/03/2020,Tomate,B/manga,1455,BGA,3,0,0,72
13/03/2020,Tomate,Bogotá,1784,BOG,2,0,0,72
13/03/2020,Tomate,Cali,1621,CAL,4,0,0,72
13/03/2020,Tomate,Manizales,1420,MAN,5,1,0,72
13/03/2020,Tomate,Medellín,1400,MED,1,1,0,72
14/03/2020,Cebolla,B/manga,750,BGA,3,0,0,73
14/03/2020,Cebolla,Bogotá,800,BOG,2,0,0,73
14/03/2020,Cebolla,Cali,845,CAL,4,0,0,73
14/03/2020,Cebolla,Manizales,975,MAN,5,1,0,73
14/03/2020,Cebolla,Medellín,1337,MED,1,1,0,73
14/03/2020,Tomate,B/manga,1455,BGA,3,0,0,73
14/03/2020,Tomate,Bogotá,1784,BOG,2,0,0,73
14/03/2020,Tomate,Cali,1621,CAL,4,0,0,73
14/03/2020,Tomate,Manizales,1420,MAN,5,1,0,73
14/03/2020,Tomate,Medellín,1400,MED,1,1,0,73
15/03/2020,Cebolla,B/manga,750,BGA,3,0,0,74
15/03/2020,Cebolla,Bogotá,800,BOG,2,0,0,74
15/03/2020,Cebolla,Cali,845,CAL,4,0,0,74
15/03/2020,Cebolla,Manizales,975,MAN,5,1,0,74
15/03/2020,Cebolla,Medellín,1337,MED,1,1,0,74
15/03/2020,Tomate,B/manga,1455,BGA,3,0,0,74
15/03/2020,Tomate,Bogotá,1784,BOG,2,0,0,74
15/03/2020,Tomate,Cali,1621,CAL,4,0,0,74
15/03/2020,Tomate,Manizales,1420,MAN,5,1,0,74
15/03/2020,Tomate,Medellín,1400,MED,1,1,0,74
16/03/2020,Cebolla,B/manga,750,BGA,3,0,0,75
16/03/2020,Cebolla,Bogotá,800,BOG,2,0,0,75
16/03/2020,Cebolla,Cali,816,CAL,4,0,0,75
16/03/2020,Cebolla,Manizales,975,MAN,5,1,0,75
16/03/2020,Cebolla,Medellín,1363,MED,1,1,0,75
16/03/2020,Tomate,B/manga,1455,BGA,3,0,0,75
16/03/2020,Tomate,Bogotá,1636,BOG,2,0,0,75
16/03/2020,Tomate,Cali,1417,CAL,4,0,0,75
16/03/2020,Tomate,Manizales,1034,MAN,5,1,0,75
16/03/2020,Tomate,Medellín,1500,MED,1,1,0,75
17/03/2020,Cebolla,B/manga,780,BGA,3,0,0,76
17/03/2020,Cebolla,Bogotá,850,BOG,2,0,0,76
17/03/2020,Cebolla,Cali,781,CAL,4,0,0,76
17/03/2020,Cebolla,Manizales,975,MAN,5,1,0,76
17/03/2020,Cebolla,Medellín,1363,MED,1,1,0,76
17/03/2020,Tomate,B/manga,1307,BGA,3,0,0,76
17/03/2020,Tomate,Bogotá,1636,BOG,2,0,0,76
17/03/2020,Tomate,Cali,1417,CAL,4,0,0,76
17/03/2020,Tomate,Manizales,1034,MAN,5,1,0,76
17/03/2020,Tomate,Medellín,1500,MED,1,1,0,76
18/03/2020,Cebolla,B/manga,780,BGA,3,0,0,77
18/03/2020,Cebolla,Bogotá,950,BOG,2,0,0,77
18/03/2020,Cebolla,Cali,781,CAL,4,0,0,77
18/03/2020,Cebolla,Manizales,975,MAN,5,1,0,77
18/03/2020,Cebolla,Medellín,1530,MED,1,1,0,77
18/03/2020,Tomate,B/manga,1307,BGA,3,0,0,77
18/03/2020,Tomate,Bogotá,2045,BOG,2,0,0,77
18/03/2020,Tomate,Cali,1417,CAL,4,0,0,77
18/03/2020,Tomate,Manizales,1034,MAN,5,1,0,77
18/03/2020,Tomate,Medellín,1738,MED,1,1,0,77
19/03/2020,Cebolla,B/manga,1275,BGA,3,0,0,78
19/03/2020,Cebolla,Bogotá,1250,BOG,2,0,0,78
19/03/2020,Cebolla,Cali,1020,CAL,4,0,0,78
19/03/2020,Cebolla,Manizales,1300,MAN,5,1,0,78
19/03/2020,Cebolla,Medellín,2261,MED,1,1,0,78
19/03/2020,Tomate,B/manga,2727,BGA,3,0,0,78
19/03/2020,Tomate,Bogotá,2386,BOG,2,0,0,78
19/03/2020,Tomate,Cali,2004,CAL,4,0,0,78
19/03/2020,Tomate,Manizales,1636,MAN,5,1,0,78
19/03/2020,Tomate,Medellín,2950,MED,1,1,0,78
20/03/2020,Cebolla,B/manga,1275,BGA,3,0,0,79
20/03/2020,Cebolla,Bogotá,1200,BOG,2,0,0,79
20/03/2020,Cebolla,Cali,1020,CAL,4,0,0,79
20/03/2020,Cebolla,Manizales,1300,MAN,5,1,0,79
20/03/2020,Cebolla,Medellín,1929,MED,1,1,0,79
20/03/2020,Tomate,B/manga,2727,BGA,3,0,0,79
20/03/2020,Tomate,Bogotá,2955,BOG,2,0,0,79
20/03/2020,Tomate,Cali,2004,CAL,4,0,0,79
20/03/2020,Tomate,Manizales,1636,MAN,5,1,0,79
20/03/2020,Tomate,Medellín,3000,MED,1,1,0,79
21/03/2020,Cebolla,B/manga,1275,BGA,3,0,0,80
21/03/2020,Cebolla,Bogotá,1200,BOG,2,0,0,80
21/03/2020,Cebolla,Cali,1020,CAL,4,0,0,80
21/03/2020,Cebolla,Manizales,1300,MAN,5,1,0,80
21/03/2020,Cebolla,Medellín,1929,MED,1,1,0,80
21/03/2020,Tomate,B/manga,2727,BGA,3,0,0,80
21/03/2020,Tomate,Bogotá,2955,BOG,2,0,0,80
21/03/2020,Tomate,Cali,2004,CAL,4,0,0,80
21/03/2020,Tomate,Manizales,1636,MAN,5,1,0,80
21/03/2020,Tomate,Medellín,3000,MED,1,1,0,80
22/03/2020,Cebolla,B/manga,1275,BGA,3,0,0,81
22/03/2020,Cebolla,Bogotá,1200,BOG,2,0,0,81
22/03/2020,Cebolla,Cali,1020,CAL,4,0,0,81
22/03/2020,Cebolla,Manizales,1300,MAN,5,1,0,81
22/03/2020,Cebolla,Medellín,1929,MED,1,1,0,81
22/03/2020,Tomate,B/manga,2727,BGA,3,0,0,81
22/03/2020,Tomate,Bogotá,2955,BOG,2,0,0,81
22/03/2020,Tomate,Cali,2004,CAL,4,0,0,81
22/03/2020,Tomate,Manizales,1636,MAN,5,1,0,81
22/03/2020,Tomate,Medellín,3000,MED,1,1,0,81
23/03/2020,Cebolla,B/manga,1275,BGA,3,0,0,82
23/03/2020,Cebolla,Bogotá,1800,BOG,2,0,0,82
23/03/2020,Cebolla,Cali,1997,CAL,4,0,0,82
23/03/2020,Cebolla,Manizales,1300,MAN,5,1,0,82
23/03/2020,Cebolla,Medellín,1929,MED,1,1,0,82
23/03/2020,Tomate,B/manga,2727,BGA,3,0,0,82
23/03/2020,Tomate,Bogotá,3523,BOG,2,0,0,82
23/03/2020,Tomate,Cali,3483,CAL,4,0,0,82
23/03/2020,Tomate,Manizales,1636,MAN,5,1,0,82
23/03/2020,Tomate,Medellín,3000,MED,1,1,0,82
24/03/2020,Cebolla,B/manga,1390,BGA,3,0,0,83
24/03/2020,Cebolla,Bogotá,1350,BOG,2,0,0,83
24/03/2020,Cebolla,Cali,1997,CAL,4,0,0,83
24/03/2020,Cebolla,Manizales,1550,MAN,5,1,0,83
24/03/2020,Cebolla,Medellín,2397,MED,1,1,0,83
24/03/2020,Tomate,B/manga,2784,BGA,3,0,0,83
24/03/2020,Tomate,Bogotá,3011,BOG,2,0,0,83
24/03/2020,Tomate,Cali,3483,CAL,4,0,0,83
24/03/2020,Tomate,Manizales,1966,MAN,5,1,0,83
24/03/2020,Tomate,Medellín,3000,MED,1,1,0,83
25/03/2020,Cebolla,B/manga,1390,BGA,3,0,0,84
25/03/2020,Cebolla,Bogotá,1150,BOG,2,0,0,84
25/03/2020,Cebolla,Cali,1997,CAL,4,0,0,84
25/03/2020,Cebolla,Manizales,1550,MAN,5,1,0,84
25/03/2020,Cebolla,Medellín,1751,MED,1,1,0,84
25/03/2020,Tomate,B/manga,2784,BGA,3,0,0,84
25/03/2020,Tomate,Bogotá,2159,BOG,2,0,0,84
25/03/2020,Tomate,Cali,3483,CAL,4,0,0,84
25/03/2020,Tomate,Manizales,1966,MAN,5,1,0,84
25/03/2020,Tomate,Medellín,2500,MED,1,1,0,84
26/03/2020,Cebolla,B/manga,1150,BGA,3,0,0,85
26/03/2020,Cebolla,Bogotá,775,BOG,2,0,0,85
26/03/2020,Cebolla,Cali,1467,CAL,4,0,0,85
26/03/2020,Cebolla,Manizales,1125,MAN,5,1,0,85
26/03/2020,Cebolla,Medellín,1321,MED,1,1,0,85
26/03/2020,Tomate,B/manga,1648,BGA,3,0,0,85
26/03/2020,Tomate,Bogotá,2205,BOG,2,0,0,85
26/03/2020,Tomate,Cali,2754,CAL,4,0,0,85
26/03/2020,Tomate,Manizales,1659,MAN,5,1,0,85
26/03/2020,Tomate,Medellín,2000,MED,1,1,0,85
27/03/2020,Cebolla,B/manga,950,BGA,3,0,0,86
27/03/2020,Cebolla,Bogotá,750,BOG,2,0,0,86
27/03/2020,Cebolla,Cali,1467,CAL,4,0,0,86
27/03/2020,Cebolla,Manizales,1125,MAN,5,1,0,86
27/03/2020,Cebolla,Medellín,1161,MED,1,1,0,86
27/03/2020,Tomate,B/manga,1705,BGA,3,0,0,86
27/03/2020,Tomate,Bogotá,1591,BOG,2,0,0,86
27/03/2020,Tomate,Cali,2754,CAL,4,0,0,86
27/03/2020,Tomate,Manizales,1659,MAN,5,1,0,86
27/03/2020,Tomate,Medellín,1788,MED,1,1,0,86
28/03/2020,Cebolla,B/manga,950,BGA,3,0,0,87
28/03/2020,Cebolla,Bogotá,750,BOG,2,0,0,87
28/03/2020,Cebolla,Cali,1467,CAL,4,0,0,87
28/03/2020,Cebolla,Manizales,1125,MAN,5,1,0,87
28/03/2020,Cebolla,Medellín,1161,MED,1,1,0,87
28/03/2020,Tomate,B/manga,1705,BGA,3,0,0,87
28/03/2020,Tomate,Bogotá,1591,BOG,2,0,0,87
28/03/2020,Tomate,Cali,2754,CAL,4,0,0,87
28/03/2020,Tomate,Manizales,1659,MAN,5,1,0,87
28/03/2020,Tomate,Medellín,1788,MED,1,1,0,87
29/03/2020,Cebolla,B/manga,950,BGA,3,0,0,88
29/03/2020,Cebolla,Bogotá,750,BOG,2,0,0,88
29/03/2020,Cebolla,Cali,1467,CAL,4,0,0,88
29/03/2020,Cebolla,Manizales,1125,MAN,5,1,0,88
29/03/2020,Cebolla,Medellín,1161,MED,1,1,0,88
29/03/2020,Tomate,B/manga,1705,BGA,3,0,0,88
29/03/2020,Tomate,Bogotá,1591,BOG,2,0,0,88
29/03/2020,Tomate,Cali,2754,CAL,4,0,0,88
29/03/2020,Tomate,Manizales,1659,MAN,5,1,0,88
29/03/2020,Tomate,Medellín,1788,MED,1,1,0,88
30/03/2020,Cebolla,B/manga,950,BGA,3,0,0,89
30/03/2020,Cebolla,Bogotá,750,BOG,2,0,0,89
30/03/2020,Cebolla,Cali,940,CAL,4,0,0,89
30/03/2020,Cebolla,Manizales,900,MAN,5,1,0,89
30/03/2020,Cebolla,Medellín,972,MED,1,1,0,89
30/03/2020,Tomate,B/manga,1705,BGA,3,0,0,89
30/03/2020,Tomate,Bogotá,1750,BOG,2,0,0,89
30/03/2020,Tomate,Cali,1442,CAL,4,0,0,89
30/03/2020,Tomate,Manizales,1364,MAN,5,1,0,89
30/03/2020,Tomate,Medellín,1763,MED,1,1,0,89
31/03/2020,Cebolla,B/manga,950,BGA,3,0,0,90
31/03/2020,Cebolla,Bogotá,750,BOG,2,0,0,90
31/03/2020,Cebolla,Cali,940,CAL,4,0,0,90
31/03/2020,Cebolla,Manizales,900,MAN,5,1,0,90
31/03/2020,Cebolla,Medellín,1062,MED,1,1,0,90
31/03/2020,Tomate,B/manga,1284,BGA,3,0,0,90
31/03/2020,Tomate,Bogotá,1761,BOG,2,0,0,90
31/03/2020,Tomate,Cali,1442,CAL,4,0,0,90
31/03/2020,Tomate,Manizales,1364,MAN,5,1,0,90
31/03/2020,Tomate,Medellín,1800,MED,1,1,0,90
01/04/2020,Cebolla,Bogotá,750,BOG,2,0,0,91
01/04/2020,Cebolla,Manizales,900,MAN,5,1,0,91
01/04/2020,Cebolla,Medellín,1062,MED,1,1,0,91
01/04/2020,Cebolla,B/manga,950,BGA,3,0,0,91
01/04/2020,Cebolla,Cali,940,CAL,4,0,0,91
01/04/2020,Tomate,Bogotá,1795,BOG,2,0,0,91
01/04/2020,Tomate,Manizales,1364,MAN,5,1,0,91
01/04/2020,Tomate,Medellín,1525,MED,1,1,0,91
01/04/2020,Tomate,B/manga,1284,BGA,3,0,0,91
01/04/2020,Tomate,Cali,1442,CAL,4,0,0,91
02/04/2020,Cebolla,Bogotá,750,BOG,2,0,0,92
02/04/2020,Cebolla,Manizales,900,MAN,5,1,0,92
02/04/2020,Cebolla,B/manga,950,BGA,3,0,0,92
02/04/2020,Cebolla,Cali,999,CAL,4,0,0,92
02/04/2020,Cebolla,Medellín,1062,MED,1,1,0,92
02/04/2020,Tomate,Bogotá,1693,BOG,2,0,0,92
02/04/2020,Tomate,Manizales,1273,MAN,5,1,0,92
02/04/2020,Tomate,Medellín,1775,MED,1,1,0,92
02/04/2020,Tomate,B/manga,950,BGA,3,0,0,92
02/04/2020,Tomate,Cali,1767,CAL,4,0,0,92
03/04/2020,Cebolla,Bogotá,875,BOG,2,0,0,93
03/04/2020,Cebolla,Manizales,900,MAN,5,1,0,93
03/04/2020,Cebolla,Medellín,933,MED,1,1,0,93
03/04/2020,Cebolla,B/manga,950,BGA,3,0,0,93
03/04/2020,Cebolla,Cali,999,CAL,4,0,0,93
03/04/2020,Tomate,Bogotá,1682,BOG,2,0,0,93
03/04/2020,Tomate,Manizales,1273,MAN,5,1,0,93
03/04/2020,Tomate,Medellín,1613,MED,1,1,0,93
03/04/2020,Tomate,B/manga,1682,BGA,3,0,0,93
03/04/2020,Tomate,Cali,1767,CAL,4,0,0,93
04/04/2020,Cebolla,Bogotá,875,BOG,2,0,0,94
04/04/2020,Cebolla,Manizales,900,MAN,5,1,0,94
04/04/2020,Cebolla,Medellín,933,MED,1,1,0,94
04/04/2020,Cebolla,B/manga,950,BGA,3,0,0,94
04/04/2020,Cebolla,Cali,1083,CAL,4,0,0,94
04/04/2020,Tomate,Bogotá,1682,BOG,2,0,0,94
04/04/2020,Tomate,Manizales,1273,MAN,5,1,0,94
04/04/2020,Tomate,Medellín,1613,MED,1,1,0,94
04/04/2020,Tomate,B/manga,1682,BGA,3,0,0,94
04/04/2020,Tomate,Cali,1767,CAL,4,0,0,94
05/04/2020,Cebolla,Bogotá,875,BOG,2,0,0,95
05/04/2020,Cebolla,Manizales,900,MAN,5,1,0,95
05/04/2020,Cebolla,Medellín,933,MED,1,1,0,95
05/04/2020,Cebolla,B/manga,950,BGA,3,0,0,95
05/04/2020,Cebolla,Cali,999,CAL,4,0,0,95
05/04/2020,Tomate,Bogotá,1682,BOG,2,0,0,95
05/04/2020,Tomate,Manizales,1273,MAN,5,1,0,95
05/04/2020,Tomate,Medellín,1613,MED,1,1,0,95
05/04/2020,Tomate,B/manga,1682,BGA,3,0,0,95
05/04/2020,Tomate,Cali,1767,CAL,4,0,0,95
06/04/2020,Cebolla,Bogotá,980,BOG,2,0,0,96
06/04/2020,Cebolla,Manizales,1200,MAN,5,1,0,96
06/04/2020,Cebolla,Medellín,933,MED,1,1,0,96
06/04/2020,Cebolla,B/manga,950,BGA,3,0,0,96
06/04/2020,Cebolla,Cali,1130,CAL,4,0,0,96
06/04/2020,Tomate,Bogotá,2273,BOG,2,0,0,96
06/04/2020,Tomate,Manizales,2136,MAN,5,1,0,96
06/04/2020,Tomate,Medellín,1975,MED,1,1,0,96
06/04/2020,Tomate,B/manga,1682,BGA,3,0,0,96
06/04/2020,Tomate,Cali,2888,CAL,4,0,0,96
07/04/2020,Cebolla,Bogotá,1020,BOG,2,0,0,97
07/04/2020,Cebolla,Manizales,1200,MAN,5,1,0,97
07/04/2020,Cebolla,Medellín,1250,MED,1,1,0,97
07/04/2020,Cebolla,B/manga,980,BGA,3,0,0,97
07/04/2020,Cebolla,Cali,1188,CAL,4,0,0,97
07/04/2020,Tomate,Bogotá,2091,BOG,2,0,0,97
07/04/2020,Tomate,Manizales,2136,MAN,5,1,0,97
07/04/2020,Tomate,Medellín,2188,MED,1,1,0,97
07/04/2020,Tomate,B/manga,1727,BGA,3,0,0,97
07/04/2020,Tomate,Cali,2888,CAL,4,0,0,97
08/04/2020,Cebolla,Bogotá,1020,BOG,2,0,0,98
08/04/2020,Cebolla,Manizales,1270,MAN,5,1,0,98
08/04/2020,Cebolla,Medellín,1256,MED,1,1,0,98
08/04/2020,Cebolla,B/manga,980,BGA,3,0,0,98
08/04/2020,Cebolla,Cali,1188,CAL,4,0,0,98
08/04/2020,Tomate,Bogotá,2000,BOG,2,0,0,98
08/04/2020,Tomate,Manizales,2136,MAN,5,1,0,98
08/04/2020,Tomate,Medellín,2100,MED,1,1,0,98
08/04/2020,Tomate,B/manga,1727,BGA,3,0,0,98
08/04/2020,Tomate,Cali,2888,CAL,4,0,0,98
09/04/2020,Cebolla,Bogotá,1020,BOG,2,0,0,99
09/04/2020,Cebolla,Manizales,1270,MAN,5,1,0,99
09/04/2020,Cebolla,Medellín,1256,MED,1,1,0,99
09/04/2020,Cebolla,B/manga,980,BGA,3,0,0,99
09/04/2020,Cebolla,Cali,1188,CAL,4,0,0,99
09/04/2020,Tomate,Bogotá,2000,BOG,2,0,0,99
09/04/2020,Tomate,Manizales,2136,MAN,5,1,0,99
09/04/2020,Tomate,Medellín,2100,MED,1,1,0,99
09/04/2020,Tomate,B/manga,1727,BGA,3,0,0,99
09/04/2020,Tomate,Cali,2888,CAL,4,0,0,99
10/04/2020,Cebolla,Bogotá,1020,BOG,2,0,0,100
10/04/2020,Cebolla,Manizales,1270,MAN,5,1,0,100
10/04/2020,Cebolla,Medellín,1256,MED,1,1,0,100
10/04/2020,Cebolla,B/manga,980,BGA,3,0,0,100
10/04/2020,Cebolla,Cali,1188,CAL,4,0,0,100
10/04/2020,Tomate,Bogotá,2000,BOG,2,0,0,100
10/04/2020,Tomate,Manizales,2136,MAN,5,1,0,100
10/04/2020,Tomate,Medellín,2100,MED,1,1,0,100
10/04/2020,Tomate,B/manga,1727,BGA,3,0,0,100
10/04/2020,Tomate,Cali,2888,CAL,4,0,0,100
11/04/2020,Cebolla,Bogotá,1020,BOG,2,0,0,101
11/04/2020,Cebolla,Manizales,1270,MAN,5,1,0,101
11/04/2020,Cebolla,Medellín,1256,MED,1,1,0,101
11/04/2020,Cebolla,B/manga,1000,BGA,3,0,0,101
11/04/2020,Cebolla,Cali,1141,CAL,4,0,0,101
11/04/2020,Tomate,Bogotá,2000,BOG,2,0,0,101
11/04/2020,Tomate,Manizales,2136,MAN,5,1,0,101
11/04/2020,Tomate,Medellín,2100,MED,1,1,0,101
11/04/2020,Tomate,B/manga,886,BGA,3,0,0,101
11/04/2020,Tomate,Cali,1442,CAL,4,0,0,101
12/04/2020,Cebolla,Bogotá,1020,BOG,2,0,0,102
12/04/2020,Cebolla,Manizales,1270,MAN,5,1,0,102
12/04/2020,Cebolla,Medellín,1256,MED,1,1,0,102
12/04/2020,Cebolla,B/manga,1000,BGA,3,0,0,102
12/04/2020,Cebolla,Cali,1141,CAL,4,0,0,102
12/04/2020,Tomate,Bogotá,2000,BOG,2,0,0,102
12/04/2020,Tomate,Manizales,2136,MAN,5,1,0,102
12/04/2020,Tomate,Medellín,2100,MED,1,1,0,102
12/04/2020,Tomate,B/manga,886,BGA,3,0,0,102
12/04/2020,Tomate,Cali,1442,CAL,4,0,0,102
13/04/2020,Cebolla,Bogotá,1038,BOG,2,0,0,103
13/04/2020,Cebolla,Manizales,1270,MAN,5,1,0,103
13/04/2020,Cebolla,Medellín,1250,MED,1,1,0,103
13/04/2020,Cebolla,B/manga,1000,BGA,3,0,0,103
13/04/2020,Cebolla,Cali,1141,CAL,4,0,0,103
13/04/2020,Tomate,Bogotá,1591,BOG,2,0,0,103
13/04/2020,Tomate,Manizales,2136,MAN,5,1,0,103
13/04/2020,Tomate,Medellín,1250,MED,1,1,0,103
13/04/2020,Tomate,B/manga,886,BGA,3,0,0,103
13/04/2020,Tomate,Cali,1442,CAL,4,0,0,103
14/04/2020,Cebolla,Bogotá,1038,BOG,2,0,0,104
14/04/2020,Cebolla,Manizales,1270,MAN,5,1,0,104
14/04/2020,Cebolla,Medellín,1250,MED,1,1,0,104
14/04/2020,Cebolla,B/manga,1000,BGA,3,0,0,104
14/04/2020,Cebolla,Cali,1068,CAL,4,0,0,104
14/04/2020,Tomate,Bogotá,1591,BOG,2,0,0,104
14/04/2020,Tomate,Manizales,2136,MAN,5,1,0,104
14/04/2020,Tomate,Medellín,1250,MED,1,1,0,104
14/04/2020,Tomate,B/manga,886,BGA,3,0,0,104
14/04/2020,Tomate,Cali,1442,CAL,4,0,0,104
15/04/2020,Cebolla,Bogotá,975,BOG,2,0,1,105
15/04/2020,Cebolla,Manizales,1270,MAN,5,1,1,105
15/04/2020,Cebolla,Medellín,1250,MED,1,1,1,105
15/04/2020,Cebolla,B/manga,1000,BGA,3,0,1,105
15/04/2020,Cebolla,Cali,1068,CAL,4,0,1,105
15/04/2020,Tomate,Bogotá,1352,BOG,2,0,1,105
15/04/2020,Tomate,Manizales,2136,MAN,5,1,1,105
15/04/2020,Tomate,Medellín,1025,MED,1,1,1,105
15/04/2020,Tomate,B/manga,886,BGA,3,0,1,105
15/04/2020,Tomate,Cali,1442,CAL,4,0,1,105
16/04/2020,Cebolla,Bogotá,925,BOG,2,0,1,106
16/04/2020,Cebolla,Manizales,1200,MAN,5,1,1,106
16/04/2020,Cebolla,Medellín,1331,MED,1,1,1,106
16/04/2020,Cebolla,B/manga,980,BGA,3,0,1,106
16/04/2020,Cebolla,Cali,1122,CAL,4,0,1,106
16/04/2020,Tomate,Bogotá,1597,BOG,2,0,1,106
16/04/2020,Tomate,Manizales,1364,MAN,5,1,1,106
16/04/2020,Tomate,Medellín,1050,MED,1,1,1,106
16/04/2020,Tomate,B/manga,1023,BGA,3,0,1,106
16/04/2020,Tomate,Cali,1358,CAL,4,0,1,106
17/04/2020,Cebolla,Bogotá,908,BOG,2,0,1,107
17/04/2020,Cebolla,Manizales,1200,MAN,5,1,1,107
17/04/2020,Cebolla,Medellín,1199,MED,1,1,1,107
17/04/2020,Cebolla,B/manga,960,BGA,3,0,1,107
17/04/2020,Cebolla,Cali,1122,CAL,4,0,1,107
17/04/2020,Tomate,Bogotá,1585,BOG,2,0,1,107
17/04/2020,Tomate,Manizales,1364,MAN,5,1,1,107
17/04/2020,Tomate,Medellín,1200,MED,1,1,1,107
17/04/2020,Tomate,B/manga,1023,BGA,3,0,1,107
17/04/2020,Tomate,Cali,1358,CAL,4,0,1,107
18/04/2020,Cebolla,Bogotá,908,BOG,2,0,1,108
18/04/2020,Cebolla,Manizales,1200,MAN,5,1,1,108
18/04/2020,Cebolla,Medellín,1199,MED,1,1,1,108
18/04/2020,Cebolla,B/manga,960,BGA,3,0,1,108
18/04/2020,Cebolla,Cali,1122,CAL,4,0,1,108
18/04/2020,Tomate,Bogotá,1585,BOG,2,0,1,108
18/04/2020,Tomate,Manizales,1364,MAN,5,1,1,108
18/04/2020,Tomate,Medellín,1200,MED,1,1,1,108
18/04/2020,Tomate,B/manga,1023,BGA,3,0,1,108
18/04/2020,Tomate,Cali,1358,CAL,4,0,1,108
19/04/2020,Cebolla,Bogotá,908,BOG,2,0,1,109
19/04/2020,Cebolla,Manizales,1200,MAN,5,1,1,109
19/04/2020,Cebolla,Medellín,1199,MED,1,1,1,109
19/04/2020,Cebolla,B/manga,960,BGA,3,0,1,109
19/04/2020,Cebolla,Cali,1122,CAL,4,0,1,109
19/04/2020,Tomate,Bogotá,1585,BOG,2,0,1,109
19/04/2020,Tomate,Manizales,1364,MAN,5,1,1,109
19/04/2020,Tomate,Medellín,1200,MED,1,1,1,109
19/04/2020,Tomate,B/manga,1023,BGA,3,0,1,109
19/04/2020,Tomate,Cali,1358,CAL,4,0,1,109
20/04/2020,Cebolla,Bogotá,963,BOG,2,0,1,110
20/04/2020,Cebolla,Manizales,1075,MAN,5,1,1,110
20/04/2020,Cebolla,Medellín,1361,MED,1,1,1,110
20/04/2020,Cebolla,B/manga,960,BGA,3,0,1,110
20/04/2020,Cebolla,Cali,930,CAL,4,0,1,110
20/04/2020,Tomate,Bogotá,1733,BOG,2,0,1,110
20/04/2020,Tomate,Manizales,1364,MAN,5,1,1,110
20/04/2020,Tomate,Medellín,1975,MED,1,1,1,110
20/04/2020,Tomate,B/manga,1023,BGA,3,0,1,110
20/04/2020,Tomate,Cali,1700,CAL,4,0,1,110
21/04/2020,Cebolla,Bogotá,850,BOG,2,0,1,111
21/04/2020,Cebolla,Manizales,1075,MAN,5,1,1,111
21/04/2020,Cebolla,Medellín,1146,MED,1,1,1,111
21/04/2020,Cebolla,B/manga,925,BGA,3,0,1,111
21/04/2020,Cebolla,Cali,917,CAL,4,0,1,111
21/04/2020,Tomate,Bogotá,1699,BOG,2,0,1,111
21/04/2020,Tomate,Manizales,1364,MAN,5,1,1,111
21/04/2020,Tomate,Medellín,1500,MED,1,1,1,111
21/04/2020,Tomate,B/manga,955,BGA,3,0,1,111
21/04/2020,Tomate,Cali,1700,CAL,4,0,1,111
22/04/2020,Cebolla,Bogotá,850,BOG,2,0,1,112
22/04/2020,Cebolla,Manizales,1075,MAN,5,1,1,112
22/04/2020,Cebolla,Medellín,1146,MED,1,1,1,112
22/04/2020,Cebolla,B/manga,925,BGA,3,0,1,112
22/04/2020,Cebolla,Cali,917,CAL,4,0,1,112
22/04/2020,Tomate,Bogotá,1682,BOG,2,0,1,112
22/04/2020,Tomate,Manizales,1364,MAN,5,1,1,112
22/04/2020,Tomate,Medellín,1588,MED,1,1,1,112
22/04/2020,Tomate,B/manga,955,BGA,3,0,1,112
22/04/2020,Tomate,Cali,1700,CAL,4,0,1,112
23/04/2020,Cebolla,Bogotá,900,BOG,2,0,1,113
23/04/2020,Cebolla,Manizales,1000,MAN,5,1,1,113
23/04/2020,Cebolla,Medellín,1007,MED,1,1,1,113
23/04/2020,Cebolla,B/manga,975,BGA,3,0,1,113
23/04/2020,Cebolla,Cali,938,CAL,4,0,1,113
23/04/2020,Tomate,Bogotá,1665,BOG,2,0,1,113
23/04/2020,Tomate,Manizales,1818,MAN,5,1,1,113
23/04/2020,Tomate,Medellín,1950,MED,1,1,1,113
23/04/2020,Tomate,B/manga,1477,BGA,3,0,1,113
23/04/2020,Tomate,Cali,2358,CAL,4,0,1,113
24/04/2020,Cebolla,Bogotá,1038,BOG,2,0,1,114
24/04/2020,Cebolla,Manizales,1000,MAN,5,1,1,114
24/04/2020,Cebolla,Medellín,1007,MED,1,1,1,114
24/04/2020,Cebolla,B/manga,950,BGA,3,0,1,114
24/04/2020,Cebolla,Cali,938,CAL,4,0,1,114
24/04/2020,Tomate,Bogotá,1682,BOG,2,0,1,114
24/04/2020,Tomate,Manizales,1818,MAN,5,1,1,114
24/04/2020,Tomate,Medellín,1925,MED,1,1,1,114
24/04/2020,Tomate,B/manga,1477,BGA,3,0,1,114
24/04/2020,Tomate,Cali,2358,CAL,4,0,1,114
25/04/2020,Cebolla,Bogotá,1038,BOG,2,0,1,115
25/04/2020,Cebolla,Manizales,1000,MAN,5,1,1,115
25/04/2020,Cebolla,Medellín,1007,MED,1,1,1,115
25/04/2020,Cebolla,B/manga,950,BGA,3,0,1,115
25/04/2020,Cebolla,Cali,938,CAL,4,0,1,115
25/04/2020,Tomate,Bogotá,1682,BOG,2,0,1,115
25/04/2020,Tomate,Manizales,1818,MAN,5,1,1,115
25/04/2020,Tomate,Medellín,1925,MED,1,1,1,115
25/04/2020,Tomate,B/manga,1477,BGA,3,0,1,115
25/04/2020,Tomate,Cali,2358,CAL,4,0,1,115
26/04/2020,Cebolla,Bogotá,1038,BOG,2,0,1,116
26/04/2020,Cebolla,Manizales,1000,MAN,5,1,1,116
26/04/2020,Cebolla,Medellín,1007,MED,1,1,1,116
26/04/2020,Cebolla,B/manga,950,BGA,3,0,1,116
26/04/2020,Cebolla,Cali,938,CAL,4,0,1,116
26/04/2020,Tomate,Bogotá,1682,BOG,2,0,1,116
26/04/2020,Tomate,Manizales,1818,MAN,5,1,1,116
26/04/2020,Tomate,Medellín,1925,MED,1,1,1,116
26/04/2020,Tomate,B/manga,1477,BGA,3,0,1,116
26/04/2020,Tomate,Cali,2358,CAL,4,0,1,116
27/04/2020,Cebolla,Bogotá,1050,BOG,2,0,1,117
27/04/2020,Cebolla,Manizales,1275,MAN,5,1,1,117
27/04/2020,Cebolla,Medellín,1001,MED,1,1,1,117
27/04/2020,Cebolla,B/manga,950,BGA,3,0,1,117
27/04/2020,Cebolla,Cali,1091,CAL,4,0,1,117
27/04/2020,Tomate,Bogotá,1591,BOG,2,0,1,117
27/04/2020,Tomate,Manizales,1659,MAN,5,1,1,117
27/04/2020,Tomate,Medellín,2000,MED,1,1,1,117
27/04/2020,Tomate,B/manga,1477,BGA,3,0,1,117
27/04/2020,Tomate,Cali,1633,CAL,4,0,1,117